title,subtitle,link
,,https://www.manilatimes.net/2023/05/28/business/top-business/inflation-likely-down-anew-in-may/1893361
,,https://www.manilatimes.net/2023/05/28/opinion/columns/how-civil-society-makes-itself-irrelevant/1893371
,,https://www.manilatimes.net/2023/05/26/world/wagner-begins-exit-from-bakhmut/1893152
,,https://www.manilatimes.net/2023/05/25/business/foreign-business/global-dividends-hit-q1-record-3267b/1892964
,,https://www.manilatimes.net/2023/05/24/business/foreign-business/hong-kong-inflation-rises-21-in-april/1892819
,,https://www.manilatimes.net/2023/05/21/sports/bragging-rights-up-for-grabs-in-1st-lpgt-ph/1892374
,,https://www.manilatimes.net/2023/05/20/opinion/columns/green-tyranny-why-energy-transition-has-stalled/1892296
,,https://www.manilatimes.net/2023/05/18/opinion/columns/for-the-boys-do-we-witness-christ-to-our-family/1891973
,,https://www.manilatimes.net/2023/05/18/sports/ictsi-philippine-masters-back-at-villamor/1892006
,,https://www.manilatimes.net/2023/05/16/business/top-business/bsp-rate-hike-pause-all-but-likely-this-thursday/1891679
,,https://www.manilatimes.net/2023/05/13/opinion/columns/filipinos-average-iq-below-average/1891221
,,https://www.manilatimes.net/2023/05/12/public-square/k-pop-sensations-perform-for-overpass-2023-at-araneta/1891013
,,https://www.manilatimes.net/2023/05/08/news/national/inflation-expected-to-dampen-growth/1890428
,,https://www.manilatimes.net/2023/05/08/business/top-business/mb-exec-says-fresh-25-bps-hike-possible/1890406
,,https://www.manilatimes.net/2023/05/07/business/top-business/hike-in-bsp-rates-still-possible/1890243
,,https://www.manilatimes.net/2023/05/28/legal-advice/dismissal-based-on-authorized-cause/1893412
,,https://www.manilatimes.net/2023/05/28/news/marcos-body-to-address-inflation/1893437
,,https://www.manilatimes.net/2023/05/28/sports/nba-conference-finals-game-6-bos-vs-mia/1893436
,,https://www.manilatimes.net/2023/05/28/entertainment-lifestyle/anatomy-of-a-fall-wins-cannes-film-festivals-palme-dor/1893434
,,https://www.manilatimes.net/2023/05/28/sports/rajko-toroman-no-solid-program-for-gilas/1893432
,,https://www.manilatimes.net/2023/05/28/news/betty-maintains-strength/1893431
